{
  "placeholderImages": [
    {
      "id": "proj-1",
      "description": "A modern skyscraper in a bustling city center.",
      "imageUrl": "https://picsum.photos/seed/1/600/400",
      "imageHint": "city building"
    },
    {
      "id": "proj-2",
      "description": "A contemporary office building in a green suburban park.",
      "imageUrl": "https://picsum.photos/seed/2/600/400",
      "imageHint": "office park"
    },
    {
      "id": "proj-3",
      "description": "A luxury villa with a pool overlooking the ocean.",
      "imageUrl": "https://picsum.photos/seed/3/600/400",
      "imageHint": "beach house"
    },
    {
      "id": "proj-4",
      "description": "The interior of a large, empty industrial warehouse being fitted out.",
      "imageUrl": "https://picsum.photos/seed/4/600/400",
      "imageHint": "warehouse interior"
    },
    {
      "id": "screws-leftover",
      "description": "An open box of various wood screws.",
      "imageUrl": "https://picsum.photos/seed/screws/200/200",
      "imageHint": "screws box"
    },
    {
      "id": "pex-leftover",
      "description": "Coils of red and blue PEX tubing for plumbing.",
      "imageUrl": "https://picsum.photos/seed/pex/200/200",
      "imageHint": "plumbing tubing"
    }
  ]
}
